id,content,categoria
1948986689642213508,"¬øQu√© hacemos en UCPS? Nuestra tesis es que CTOs y CIOs deben dejar de ser ""el que elige el stack tecnol√≥gico"" para comenzar a dictar la estrategia en la habitaci√≥n donde pasan cosas. Aqu√≠ empieza la turra de final de temporada. üßµ",""
1946458392903467300,"üßµ1/ En el hilo turras de hoy, desde @spinae_es, reflexionamos sobre la atenci√≥n, la obsesi√≥n por los kpis, la confianza y las marcas relevantes. Puro factor X.",""
1943924463415820480,"En el hilo turras de hoy vamos a hablar de una serie de conceptos relacionados con la accionabilidad de nuestras propuestas CPS al problema actual del Marketing/Publicidad, y de algunos conceptos con los que estamos jugando, como el Insight Lab. Vamos a ello.",""
1941416464168181821,"En el hilo turras de hoy, vamos a continuar el arco abierto por @Recuenco sobre la decadencia del marketing y la publicidad. Otra vez",""
1938855177471021516,"En el hilo turras de hoy, abro otro arco que me llevar√° unos cuantas semanas, que conecta con el arco anterior en que me centrar√© espec√≠ficamente en la decadencia en la que lleva instalado el Marketing y la publicidad y la carnicer√≠a que viene. Vamos al tema.",""
1936303239193878741,"En el hilo turras de hoy vamos a cerrar (de momento) el arco de la decadencia empresarial con una tesis que va un poco contracorriente sobre la raz√≥n de que las empresas familiares tengan sus d√≠as contados a partir de la tercera generaci√≥n. Vamos all√°.",""
1933784125086769389,"En el hilo turras de hoy volvemos al truth coping, al calor del mecanismo que estamos viendo al respecto de los √∫ltimos eventos del circo pol√≠tico espa√±ol. Vamos al tema.",""
1931229690779283581,"En la turra de hoy, en substituci√≥n de @recuenco,  hablaremos de cuando el equilibrio ya no sirve: homeostasis salvaci√≥n y lastre para empresas.",""
1928694865052741791,"En el hilo turras de hoy, y continuando con nuestra serie dedicada a la decadencia empresarial, vamos a hablar del truth coping. Esta va a ser dura de tragar, pero haber elegido TVE. Vamos con ello.",""
1926142175105995150,"En el hilo turras de hoy, vamos a hablar de obsolescencia en t√©rminos globales y sectoriales, y sobre reconversiones industriales, donde entra la fiesta p√∫blico/privada. Me temo que ser√°n varios subhilos, pero el que quiera payasadas ah√≠ tiene a TVE. Al Rinchi.",""
1923622497406140517,"En el hilo turras de hoy, y tras el par√©ntesis obligado de la semana pasada, vamos a seguir con el arco de la decadencia empresarial y vamos a abordar un tema candente: En un caso de decadencia, Qu√© hacer con el equipo anterior? C√≥mo gestionar el cambio de guardia?",""
1921092901930484128,"En el hilo turras de hoy, no toca hablar de temas serios y/o t√©cnicos. Por segunda vez en la historia, voy a convertir el hilo turras en una eleg√≠a. En este caso dedicado a mi madre, que falleci√≥ el lunes pasado.",""
1918555369426522309,"En el hilo turras de hoy, seguimos con el arco sobre la decadencia, y hablaremos de como afecta este ciclo a las empresas, y en general de como condiciona a la gente el haber tenido un pasado glorioso que ya no existe.",""
1908407119902024001,"En el hilo turras de hoy, vamos a cerrar de momento el ciclo de sidestepping hablando de la esquiva, el reajuste y la reasignaci√≥n de pesos, y su traslaci√≥n a din√°micas empresariales.",""
1905877658904183080,"Bienvenidos a esta turra sobre altas capacidades, sistemas e incentivos.",""
1903343437719670927,"En el hilo turras de hoy, seguimos con la serie del sidestepping, la met√°fora de la conejera, el Sindrome de S√©neca y otra serie de conceptos a entender a la hora de procesar por qu√© el CPS es contraintuitivo (si lo ignoras).",""
1898290632457679270,"Buenos d√≠as, estimadas personas navegando por estos lares. Como ya anunciara @Recuenco, hoy me toca a m√≠ amenizar la ma√±ana del s√°bado con conocimiento alrededor del complex problem solving.",""
1900814275511210417,"En el hilo turras de hoy, un peque√±o homenaje al CPS Live 2025, que se celebra hoy.",""
1999746151839338739,"En el hilo turras de hoy, y continuando con el arco del PE, vamos a comentar el concepto de la propuesta que deber√≠a sustituir al Private Equity: El CFU (Company Fixer Upper) y como de alguna manera vendr√≠a a ser una especie de versi√≥n 2.0 de los fondos distress. Al l√≠o.",""
1890657339599999084,"En sustituci√≥n de @recuenco, toca la turra 2 de 2 sobre metajuego y estrategia: Hoy se reconciliar√° la M.E.T.A., con CPS en cualquier entorno competitivo humano para conocer nuestro movimiento para maximizar la oportunidades de ganar por encima de las posibilidades matem√°ticas.",""
1880543676876874203,"Como ya se coment√≥, hoy sustituir√© a @Recuenco en la Turra semanal. Esta es la parte 1 de 2 sobre el metajuego y estrategia.",""
1888123731865702418,"En el hilo turras de hoy, vamos a hablar de corrientes subterr√°neas y de todo lo que hay que abordar para hacer cosas desde la sociedad civil. Y por qu√© hay que orquestar mil cosas para hacerlo como es debido.",""
1893203295725871217,"En el hilo turras de hoy vamos a hablar de sidestepping, oceanos rojos y azules, por qu√© nos ha costado un imperio articular una pr√°ctica profesional alrededor del CPS y en general de cuando hay que salir de la zona c√≥moda. Ser√° el primer episodio de una larga serie.",""
1883055789553676359,"En el hilo turras de hoy, vamos a cerrar, espero que por la puerta grande, mi fase Tubau / Taleb sobre visiones, skin in the game, el taxi, y apretar el culo. No descarto volver a ello en el futuro pero es demasiado intenso y quiero salpimentarlo con cosas m√°s livianas.",""
1877979196271550821,"Welcome back my friends to the show that never ends. Despu√©s del hiato resacoso navide√±o, un plato fuerte: El choque de dos cosmovisiones arquet√≠picas -> Edison vs. Tesla.",""
1870373349282484488,"En el hilo turras de hoy, que cierra el a√±o en curso y que espero que induzca una serie de reflexiones de segundo orden, hablaremos del patr√≥n m√°s tremendo que veo emerger en el futuro: La mirada blitzscaler y el lujo humano.",""
1867841781313769674,"En el hilo turras de hoy, vamos a hablar de la raz√≥n real por la que el porcentaje de emprendedores entre la poblaci√≥n general es rid√≠culo y as√≠ tiene que ser. Vamos all√°.",""
1865306644827029957,"En el hilo turras de hoy, nos ponemos gafotas pedantes y vamos a gestionar un concepto que a mi me parece fascinante, que es la gesti√≥n de la apor√≠a en el CPS.",""
1862770042686845320,"En el hilo turras de hoy, hablaremos en general de lo muy paquetes que somos evaluando riesgos. Y de nuestra relaci√≥n de mierda con ellos.",""
1860224907386273949,"En el hilo turras de hoy, vamos a hablar de un colateral del CPS y en general de la vida: La asimetr√≠a entre el valor que concedemos a tener raz√≥n vs su valor real. Vamos al tema.",""
1857680297443164321,"En el hilo turras de hoy, hablar√© del CPS como mirada, como actitud vital, y por qu√© a mi juicio es una disciplina integradora y no un reducto de zelotes  lapidainfieles .",""
1852267188519854245,"En el hilo turras de este puente, special edition, vamos a hablar de cosas serias. Se ir√° haciendo seg√∫n vaya acumulando reflexiones sobre la materia. Amunt Espa√±a",""
1850051280107983315,"En el hilo turras de hoy, y cerrando la serie de Nuevas Ventures, toca hablar de una iniciativa que se alimenta y presta soporte a todas las dem√°s: @solvers_academy. Vamos a ello.",""
1847550414226411917,"En el hilo turras de hoy, y en la serie de compa√±√≠as/iniciativas nuevas en la que estoy metido, hablaremos de tender puentes, liminalidad, la necesidad de int√©rpretes y el cableado cognitivo hablando de @unconvcps",""
1845017839423369267,"En el hilo turras de hoy, y siguiendo con nuestra serie de iniciativas que vamos a poner en marcha en los pr√≥ximos meses, os voy a hablar de la orqu√≠dea en el jard√≠n: Spinae.",""
1842453861094609097,"En el hilo turras de hoy, y empezando con la lista de iniciativas que ponemos en marcha para abordar grandes desaf√≠os, arrancamos con una de las que llevamos m√°s tiempo incubando: MPFG",""
1839910136023847394,"En el hilo turras de hoy, hablaremos de cuando est√°s afilando el hacha y cuando est√°s perdiendo el tiempo.",""
1837390467337490808,"En el hilo turras de hoy, y en cierta manera proporcionando una entrada m√°s a la serie de convergencia entre CPS & IA (La sexta?), abordamos esta sugerencia del broda @cesarastudillo. Vamos al turr√≥n:",""
1834829754488221846,"En el hilo turras de hoy, vamos a hablar de la tensi√≥n entre lo percibido como seguro y lo percibido como inseguro, y de la hormesis, homeostasis y autopoiesis empresarial:",""
1806938762129101276,"En el hilo turras de hoy, y tal como avanzamos, vamos a cerrar la saga de sensemaking (por el momento) y los hilos turras regulares hasta Septiembre (Puede haber o puede no haber, depender√° de si tengo algo que sacarme de dentro o no).",""
1832301234105061777,"Welcome back, my friends, to the show that never ends. Abrimos esta temporada de hilos turras 24/25 con un plato fuerte. Ag√°rrense los machos que arranca el viaje en la atracci√≥n.",""
1804386948938699148,"En el hilo turras de hoy, y siguiendo con la serie de Sensemaking, vamos a hablar de por qu√© la primera regla del sensemaking es que no se discute sobre sensemaking.",""
1801852274232218084,"En el hilo turras de hoy, y continuando con la serie de sensemaking, hablaremos de una de las tareas de H√©rcules: Hacer cambiar a alguien de opini√≥n."
1799313887285669975,"En el hilo turras de hoy, vamos a seguir con la serie de sensemaking y vamos a hablar de rabbit holes y de pensamiento liminal inducido.",""
1794224768574476545,"En el hilo turras de hoy, edici√≥n tempranera porque nos vamos a Sevilla de bolo, hablaremos de estrategia y de lo doloroso que resulta entender que no te han entendido. Vamos al tema.",""
1791716794312318984,"En el hilo turras de hoy, y como ya avanc√©, quiero reflexionar un poco sobre las jeremiadas sobre el destino luctuoso que le espera al CPS, al que naturalmente hay que enterrar antes de que nazca porque a mi me gustaban m√°s las maquetas.",""
1786636941607260240,"En el hilo turras de hoy, vamos a hablar de estrategia, baloncesto, y otras cosas de meter. Vamos al tema.",""
1784107483444687237,"En el hilo turras de hoy, vamos a aparcar por un momento mi disecci√≥n de The Offer como paradigma de Ecosistema CPS para tratar algo que necesito sacarme del pecho.",""
1781573444485697867,"En el hilo turras de hoy, tal y como comentamos, vamos a seguir con The Offer, sus subtemas, su convergencia con el CPS Hispano, el problem centricity y un olor de fondo de trattoria del Trastevere. Andiamo!",""
1779018888203608064,"En el hilo turras de hoy, vamos a hablar de las compa√±√≠as problem-centric y de mi experiencia con The Offer. Calculo que en dos o tres hilos he articulado el asunto.",""
1771432938288107757,"En el hilo turras de hoy, continuamos percutiendo en la serie sobre la disminuci√≥n de la ambig√ºedad sobre el CPS hablando sobre nuestra estrategia de formaci√≥n CPS.",""
1768900222581624896,"En el hilo turras de hoy, vamos a continuar con la serie de hilos de acotaci√≥n del concepto de CPS con un ejemplo de aplicaci√≥n real: la creaci√≥n de @unconvcps para abordar una necesidad muy espec√≠fica del mercado.",""
1766352097409134910,"En el hilo turras de hoy, inicio una serie que no s√© lo que tardar√© en cerrar, pero que no parar√© hasta que considere agotado el tema. Vamos a reflexionar sobre qu√© es el CPS, que no es, y una met√°fora sobre ello.",""
1763816753929347384,"En el hilo turras de hoy, tenemos men√∫ ejecutivo, seis platos y postre. A por ellos, que son muchos y cobardes.",""
1761287914493796842,"En el hilo turras de hoy, y cerrando la (de momento) pentalog√≠a del pompismo, hoy vamos a ver cuando el pompismo deja de ser combustible y pasa a ser fentanilo. Abr√≥chense los cinturones, que arrancamos.",""
1758760266068590698,"En el hilo de hoy, vamos con la cuarta parte de la (de momento) pentalog√≠a sobre el pompismo. Hoy hablaremos del c√≥mic como veh√≠culo del pompismo. P√≥nganse los trajes de neopreno y vamos al descenso del Noguera Ribagorzana.",""
1756234748685373544,"Tal y como promet√≠, vamos a hablar de las llamadas a la aventura, Gandalf, y como lo normal es que cuando invitas a la gente a ser osada y aventurera te manden a tomar por el culo.",""
1753677668996837620,"En el hilo de hoy, cerrando de momento la trilog√≠a del pompismo, vamos con el peligro oculto de los bellos, los ef√©bicos, los angelicales idealistas.",""
1751154901659381958,"En el hilo turras de hoy, segundo de la trilog√≠a sobre el pompismo, si en el anterior planteamos la tesis, aqu√≠ plantearemos la ant√≠tesis. Por qu√© el pompista es alguien que sufre, nunca en silencio, su condici√≥n. Acomp√°√±enme en esta triste historia:",""
1748598237563412826,"En el hilo turras de hoy, siguiendo nuestras √∫ltimas tendencias de purgar el n√∫mero de seguidores, vamos a meternos en el coraz√≥n de la tormenta, en el mailstr√∂m de la polarizaci√≥n, a cruzar el cabo de Hornos con una zodiac. Quien dijo miedo? PALANTE.",""
1746066280782631368,"En el hilo turras de hoy, volvemos a los CFOs. Esos animales mitol√≥gicos que matan de asco a cualquiera que les toque al lado en la mesa de navidad pero que ejercen su venganza contra el mundo el resto del tiempo. Vamos all√°.",
1743547711897342313,"En el hilo turras de hoy, vamos a hablar de cuando las cosas se ponen recias en el CPS. Ataos al m√°stil y vamos palante.",
1741006814873821551,"En el hilo turras de hoy, que cierra el a√±o y un periodo fant√°stico de expansi√≥n del #CPS en Espa√±a cortesia de titanes como @paumugarra, vamos a hablar de todas estas cosas. Abr√≥chense los cinturones, va a ser una noche movida.",""
1738462543344005507,"En el hilo turras de hoy recogeremos el guante pendiente de la semana pasada y entraremos en un territorio delicado. Hablar al board.",""
1733397009418096842,"En el hilo turras de hoy, vamos a hablar de este tema fascinante: ni√±os y CPS. Cojamos la merienda y vamos a ello.",""
1730843036983120174,"En el hilo turras de hoy, vamos a hablar de un concepto pervasivo, que nos rodea como el agua de David Foster Wallace: La pantomima.",""
1728306256585101618,"En el hilo turras de hoy, vamos a cerrar (por el momento) la tetralog√≠a sobre la convergencia de la IA y el CPS. Volver√© seguramente en alg√∫n momento, pero creo que ha llegado el momento de darle un descanso. To the turron.",""
1725782327131885653,"En el hilo turras de hoy, tal y como avanzamos, vamos con la tercera parte de la tetralog√≠a del CPS y la IA, con muchos temas interesantes. To the turron:",""
1723236412487553316,"En el hilo turras de hoy, vamos con la segunda parte de la trilog√≠a sobre la convergencia entre CPS e IA, y en particular con el foco en la futura reconversi√≥n de las firmas de Servicios Profesionales.",""
1720721564465823881,"En el hilo turras de hoy, abrimos otra trilog√≠a (Turramax) como la de la Confianza. En esta ocasi√≥n con un tema de la hostia: La convergencia de la IA y el CPS. Coged unas cuantas barritas energ√©ticas porque el camino es largo y para los muy cafeteros.",""
1718136430130520294,"En el hilo turras de hoy, tras nuestro hiato obligado, vamos a hablar de la muerte, y sobre todo, de lo que deja detr√°s, lo bueno, lo malo y las lecciones.",""
1713075981328519678,"En el hilo turras de hoy tal y como ya adelantamos, vamos a hablar de la complejidad como moat. Abr√≥chense los cinturones.",""
1710564695336247487,"En el hilo turras de hoy, tal y como comentamos, cerramos de momento la trilog√≠a sobre construcci√≥n de confianza en el siglo XXI.",""
1707715159534207110,"En el hilo turras de hoy, solo hablar√© de @mtascon. Si no te apetece leer una eleg√≠a, hoy es d√≠a de newsletters y hay mucho contenido excelente en otras partes de la red. Hoy me voy a limitar a tocar un poco la guitarra en la tumba de mi amigo.",""
1705467198033088737,"En el hilo turras de hoy, seguimos con el megatema, la construcci√≥n de confianza en el siglo XXI. No ser√° el √∫ltimo hilo sobre √©l.",""
1700404761428738437,"En el hilo turras de hoy, tal y como avanzamos, hablaremos de un fen√≥meno curioso, el bot√≥n de on/off moral.",""
1684876869949120512,"En el hilo turras de hoy, que cierra la temporada hasta nueva orden, hablaremos del s√≠ndrome del Coronel Thompson.",""
1682634975378644993,"En el hilo turras de hoy, hablaremos del cierre de etapas vitales.",""
1680115317136146432,"En el hilo turras de hoy, vamos a hablar de las m√°quinas de racionalizar y de como funcionan.",""
1677573783018696704,"En el hilo turras de hoy, vamos a hablar de diversidad. De la de verdad, y de como la gestionamos de verdad.",""
1675028035836182528,"En el hilo turras de hoy, vamos a hablar de la convergencia entre el CPS y la IA. Y hay mucha tela que cortar. Abr√≥chense los cinturones.",""
1669966506208161793,"En el hilo turras de hoy, vamos a hablar de Factor X al calor de este comentario de @cesarastudillo. Vamos para all√°.",""
1667419646671179776,"En el hilo turras de hoy, hablaremos de por qu√© es un momento cr√≠tico en el mundo del Private Equity, M&A y Fondos. Y de Zelotes.",""
1664860434845913089,"En el hilo turras de hoy, hablaremos de la ofuscaci√≥n, de la profundidad, de la claridad y de la comunicaci√≥n.","marketing,sociology"
1662345754642378753,"En el hilo turras de hoy, y tal como anunciamos, traemos a la palestra la tercera parte de la trilog√≠a sobre arquitectura de incentivos.","factor-x,sociolog√≠a,sistemas-complejos"
1657283004727738368,"En el hilo turras de hoy, vamos a hablar de bizcochos y fondant, de lo fundamental y lo accesorio, del dato y el relato. Del triunfo de la forma sobre la substancia:","signaling"
1654727164086960130,"En el hilo turras de hoy abordaremos la segunda parte de la trilog√≠a sobre incentivos, donde hablaremos de su impacto e influencia en la din√°mica corporativa.","factor-x,sociolog√≠a,sistemas-complejos"
1652189268742209537,"En el hilo turras de hoy, vamos a entender por qu√© un mont√≥n de comunidades grassroots se van a la mierda no necesariamente cuando hacen dinero, sino en la transici√≥n a compa√±√≠as scaleup. Vamos all√°.","complex-systems"
1649673649866113024,"En el hilo turras de hoy, iniciamos una trilog√≠a sobre algo que llevo macerando mucho tiempo: Las arquitecturas din√°micas de incentivos. Vamos para all√°.","factor-x,sociolog√≠a,sistemas-complejos"
1647132462982524929,"En el hilo turras de hoy, hablaremos de √©sta disonancia cognitiva en la ra√≠z del CPS:","cps"
1642053681766883330,"En el hilo turras de hoy, plato fuera de men√∫ porque @cesarastudillo lo vale.","personotecnia"
1639529423274913794,"En el hilo turras de hoy, hablaremos del futuro laboral y su conexi√≥n con el CPS. Abr√≥chense los cinturones y vamos all√°.","sistemas-complejos,cps"
1636989624567443457,"En el hilo turras de hoy, vamos a hablar del corto y el largo plazo, de los fracasos como data points y del compound success. Vamos all√°.","sistemas-complejos"
1634418954511822848,"En el hilo turras de hoy, vamos a hablar de un tema fascinante: Como afrontar una revoluci√≥n industrial viable alrededor de la ESG sin traicionar sus principios?","sistemas-complejos"
1629367962103586817,"En el hilo turras de hoy, vamos a hablar de temitas serios. Hoy hablamos de pricing.","marketing,sociolog√≠a"
1626829061723983872,"En el hilo turras de hoy, vamos a hablar de Creatividad y como las noticias sobre su propia muerte han sido exageradas, que dir√≠a Samuel (Gil no, Clemens).","marketing,factor-x,sociolog√≠a"
1624309145032597504,"En el hilo turras de hoy, vamos a hablar de otro tema espinoso, para variar. Privilegio y su gesti√≥n, con Factor X de postre. Abr√≥chense los cinturones y p√≥nganse el protector bucal, que vamos para all√°.","factor-x,sociologia"
1621752572087345152,"En el hilo turras de hoy, vamos a hablar de jugar al Corporate Game. Abr√≥chense los cinturones y vamos para all√°.","sistemas-complejos,factor-x,sociolog√≠a"
1619227404794306560,"En el hilo turras de hoy vamos a hablar de un tema sumamente delicado, como suele ser costumbre √∫ltimamente: De igualdad, equilibrios metaestables, din√°micas de sistemas e injusticias.","sistemas-complejos,factor-x,sociolog√≠a"
1616684654269980673,"En el hilo turras de hoy, hablaremos de facciones lanares y zelotes, tal y como avanc√© aqu√≠.","factor-x,sociolog√≠a"
1614168029876600833,"En el hilo turras de hoy, hablaremos de los Morlocks y en general de vivir bajo tierra.","resoluci√≥n-de-problemas-complejos,factor-x,libros"
1610940502609723393,En el hilo turras de hoy tras el par√©ntesis navide√±o vamos a hablar de si los CFOs pueden ser estrat√©gicos o no:,"cps,strategy"
1604019306349592577,"En el hilo turras de hoy vamos a volver a hablar de Factor X, en concreto de ""La conversaci√≥n"", la gesti√≥n de la realidad y su conex√≠√≥n con el CPS. Al turr√≥n.",factor-x
1601483220029161473,"En el hilo turras de hoy, hablaremos de Gaming, Crypto, CPS y otras hierbas.",gaming
1598965646620086272,"En el hilo turras de hoy, hablaremos de la conformidad, la lubricaci√≥n social y sus din√°micas asociadas. Vamos all√°.","complex-systems,factor-x"
1596391703774367744,"En el hilo turras de hoy, vamos a profundizar un poco m√°s en √©ste tema: El umbral entre la complejidad y la serendipia.","complex-systems,signaling"
1593870067128627200,"En el hilo turras de hoy, hablaremos sobre visiones y ejecuci√≥n. La importancia de ambas, y la distancia que las separa.","strategy,talent"
1591345649848487936,"En el hilo turras de hoy, tal y como coment√©, vamos a hablar de spaghetti alle vongole, o para los ne√≥fitos, la gesti√≥n de lo desconocido en el CPS.","complex-systems,cps"
1588784557284794368,"En el hilo turras de hoy, hablaremos de monetizaci√≥n de redes sociales y en general, del poder de la historia a la hora de aceptar ecuaciones de canje y de captura de valor rid√≠culas.",factor-x
1586258861190676482,"En el hilo turras de hoy, tal y como coment√©, vamos a hablar un poco de tem√°tica Halloween. Cojan este candil y bajen conmigo a la cripta.",signaling
1583704982129643520,"En el hilo turras de hoy, y de manera completamente acorde a lo descrito aqui, voy a hablaros de la agilidad mental, rutinas, peligro y stress.",complex-systems
1581161865035407360,"En el hilo turras de hoy, dedicado al gran @cesarastudillo que ha tomado el relevo de @Gonzalomartin como constante inspiraci√≥n para que diga gilipolleces, vamos a hablar de la importancia del cuerpo calloso y el Test Astudillo (Bechdel anyone?).","complex-systems,factor-x"
1578640745979846662,"En el hilo turras de hoy, tal y como comentamos, vamos a ver la importancia del recalibrado a la hora de afrontar escenarios CPS. Vamos a hablar de recoger cable, inversiones de ego y un mont√≥n de cosas similares. Vamos all√°.","cps,factor-x"
1576087451524907008,"En el hilo turras de hoy, hablaremos, como prometimos de la primera persona que intent√≥ crear una compa√±√≠a alrededor del concepto de CPS, aunque desconoc√≠a que lo estaba haciendo.",cps
1573548479888105473,"En el hilo turras de hoy, tal y como coment√© en su momento, vamos a hablar de la selecci√≥n espa√±ola de baloncesto y su trayectoria en el Eurobasket.",teamwork
1571042180965498881,"En el hilo turras de hoy, como ya os adelante, vamos a hablar de un tema delicado. De los tuercebotas y de los casting mal hechos.",complex-systems
1568482191230787585,"En el hilo turras de hoy, vamos a hablar de cosas delicadas alrededor del Factor X. Mujeres, primates y cient√≠ficos. Ningun colectivo sin ofensa. A la liana, chavales.",factor-x
1550748648845238272,"En el hilo turras de hoy, vamos a hablar de este fascinante tema que mencion√°bamos la semana pasada:",talent
1545639451765997568,"En el hilo turras de hoy, y no me exij√°is mucho, que estoy completamente hecho cisco volviendo de la terreta, voy a hablar de √©sta cuesti√≥n que nos lleg√≥ v√≠a #preguntaalrecu",personotechnics
1543107844043673600,"En el hilo turras de hoy, tal y como promet√≠, voy a volver a la carga con esto:",complex-systems
1540473939503288321,"En el hilo turras de hoy, tal y como avanc√©, vamos a hablar del reciente draft de la NBA como un festival CPS. Vamos all√°.",cognitive-orchestration
1538038532874420225,"En el hilo turras de hoy, tal y como avanc√©, voy a hablar de la violencia intelectual.",factor-x
1535521789585117185,"En el hilo turras de hoy, tal y como coment√©, vamos a examinar un tema fascinante como son las din√°micas de creaci√≥n y sustentaci√≥n de opini√≥n.",factor-x
1532990633580929025,"En el hilo turras de hoy, y dado que estoy destrozado de toda la semana de saraos varios, vamos a intentar tratar un tema un poco m√°s liviano de lo normal. Vamos a hablar de como escribir todas las semanas sobre algo, est√©s muerto o no.",cps
1530425616423690244,"En el hilo turras de hoy, como mencion√© ayer, vamos a hablar de los emulsificadores de equipo.",teamwork
1527905242376962054,"En el hilo turras de hoy, vamos a hablar de un aspecto normalmente ignorado en escenarios de complejidad, los procesos de alta variabilidad.","complex-systems,cps"
1525356646448381952,"En el hilo turras de hoy, tal y como os coment√©, vamos a hablar del Marketing post Facebook/Google, como hemos llegado a la situaci√≥n actual, por qu√© apesta, y como vamos a intentar salir de aqu√≠.",marketing
1522830977088819203,"En el hilo turras de hoy, hablaremos del maltrato al que se somete todos los d√≠as a la estrategia. Dedicado a @jlantunez , he knows why.",strategy
1520307318931570688,"En el hilo turras de hoy, tal y como avanc√©, voy a proponer una tesis un poco loca sobre donde hunde las ra√≠ces nuestra dif√≠cil relaci√≥n con la complejidad.",complex-systems
1517738336210894850,"En el hilo turras de hoy, vamos a hablar de una disciplina necesaria en la vida y particularmente en el CPS: La asertividad.","cps,factor-x"
1515034112725241860,"En el hilo turras de hoy, tras el peque√±o par√©ntesis de la semana pasada, voy a hablar de algo hardcore: La asimetr√≠a en el conocimiento, los problemas asociados a ello a la hora de comunicar y su gesti√≥n en el CPS. Vamos all√°.",cps
1510161914772471813,"En el hilo turras de hoy, voy a dar salida a una obsesi√≥n personal, y de alguna manera a conectarlo con el CPS: Mi obsesi√≥n con los acertijos, los enigmas, los puzzles, los misterios y en general las cosas complicadas necesitadas de resoluci√≥n.","cps,complex-systems"
1507611365288161280,"En el hilo turras de hoy, vamos a hablar de la evoluci√≥n de la funci√≥n comercial en general, al hilo de un #preguntaalrecu pendiente:","books,cps,marketing"
1505081147595833345,"En el hilo turras de hoy, como ya avanc√©, vamos a hablar de los secuestradores de compa√±√≠as.","personotechnics,strategy"
1502547574263361538,"En el hilo turras de hoy, vamos a hablar de otra sutileza de la Orquestaci√≥n cognitiva,la raz√≥n por la que los equipos de Playstation solo funcionan en la Playstation.",cognitive-orchestration
1500015623090360324,"En el hilo turras de hoy, y tal y como coment√© en su momento, hablaremos de Pirlo y Gattuso. Hablaremos de trabajar en equipos CPS.",teamwork
1497479266354794497,"En el hilo turras de hoy, hablaremos de lo absolutamente anti intuitivo que es el liderazgo en realidad, y por qu√© la mayor parte de la gente lo suele confundir y malinterpretar.",leadership
1494930415504789506,"Habl√© del tema en detalle en el hilo turras que le dediqu√© a los \Harbingers of Doom\"" y habl√© de la met√°fora del Hotel de Hilbert en el que todos los negocios est√°n metidos:""",fringe-futurism
1494930305811111938,"En el hilo turras de hoy, vamos a hablar de la eventual transici√≥n de la creaci√≥n del valor del dinero y las operaciones a las propuestas de valor, y como afecta a tres negocios clave: Los VCs, el Private Equity y los M&As.",strategy
1492405460682657792,"En el hilo turras de hoy, vamos a meternos en un charco serio y de persona mayor, como planteamos en su momento. La inexorable decadencia del f√∫tbol espa√±ol.",strategy
1489874989809639424,"En el hilo turras de hoy, vamos a hablar de una sutileza en la orquestaci√≥n cognitiva: La sincronizaci√≥n de pedalada.",cognitive-orchestration
1487312375351029760,"En el hilo turras de hoy, vamos a hablar de un tema muy relevante a la hora de generar demanda sobre conceptos complejos. La gesti√≥n de la autosegmentaci√≥n.",complex-systems
1484786680439746562,"En el hilo turras de hoy, hablaremos de un concepto aparentemente un tanto abstracto, pero absolutamente cr√≠tico en todo lo que tiene que ver con el CPS: El peso del armi√±o y la soledad del CEO.",complex-systems
1482274923313782784,"En el hilo turras de hoy, nos adentraremos en un mundo proceloso: El de los mecanismos de generaci√≥n, captura e intercambio de valor.",marketing
1479732314791886850,"En el hilo turras de hoy, primero del 2022, vamos a hablar de un tema que nos lleg√≥ via #preguntaalrecu :","factor-x,strategy"
1472134392361500672,"En el hilo turras de hoy, voy a hablar de por qu√© soy un firme creyente de todo lo relacionado con Web3, pero al mismo tiempo no soy un practicante firme ni un abanderado.","biases,web3"
1469583058563121153,"En el hilo turras de hoy, vamos a hablar de soluciones a problemas imposibles. De como abordarlos y de como hemos decidido crear una peque√±a compa√±√≠a? spinoff? para realizar lo que no podemos hacer desde @SingularSolving","moonshoot,cps"
1467051970422878210,"En el hilo turras de hoy, hablaremos de inteligencia y socializaci√≥n al hilo de que estamos celebrando la RAM (Reuni√≥n Anual de @MensaEspana  que este a√±o 2021 se celebra en la muy noble y muy leal ciudad de Gand√≠a.",sociology
1464529976540241923,"En el hilo turras de hoy, vamos a intentar la cuadratura del c√≠rculo: Resolver dos problem√°ticas que llegaron a #preguntaalrecu de manera simult√°nea:","marketing,sociology"
1461944993900380165,"En el hilo turras de hoy, responderemos a esta pregunta que nos lleg√≥ v√≠a #preguntaalrecu:",gaming
1459431132965924866,"Pues efectivamente, hoy no habr√° hilo turras as usual, pero como me conoc√©is bien y el resto de las fulanas de @HeavyMental_es se est√°n duchando, unos cuantos flashes r√°pidos.",teamwork
1456867302494834690,"En el hilo turras de hoy, vamos a hablar de los huevos de serpiente. No de los literales, que es un tema fascinante per se, sino de los metaf√≥ricos.",factor-x
1454341690022670339,"En el hilo turras de hoy, vamos a hablar de Facebook. Pero no denunciando, que ya hay muchos valientes haciendo ahora lo que yo llevo haciendo m√°s de una d√©cada, o de Meta, que ya no cabe un an√°lisis m√°s, sino sobre dead men walking.",marketing
1451786307403927553,En el hilo turras de hoy vamos a hablar del maravilloso mundo de las  narrativas interesadas al hilo de √©ste tweet reciente.,storytelling
1449265748019453954,"En el hilo turras de hoy, vamos a hablar de los problemas relativos a la gesti√≥n de los veh√≠culos de transmisi√≥n de las ideas, la paja cognitiva y los mecanismos de atribuci√≥n de valor.","biases,strategy"
1446745515501264896,"En el hilo turras de hoy, hablaremos de por qu√© en general ser un \listo\"" o un hijo de puta te suele traer problemas a largo plazo. Hoy vamos a hablar a tope de Factor X.""","factor-x,biases"
1444195816248385539,"En el hilo turras de hoy, quiero hablar de la gente racional y la gente pasional. De su dif√≠cil convivencia, de su fascinaci√≥n mutua, y de como de su adecuada mezcla y aplicaci√≥n depende que todo funcione o todo estalle.",biases
1439130053267316738,"En el hilo turras de hoy, tal y como coment√©, voy a hablar de la aproximaci√≥n estrat√©gica del Bar√ßa. Bueno, lo voy a usar de excusa para hablar de como a veces todo tiene que irse a la mierda primero para decidir empezar a remontar.",strategy
1436601048978890753,"En el hilo turras de hoy, hablaremos de los procesos de transformaci√≥n personal. De esos procesos que hacen que una persona entre de una manera y salga de otra muy distinta. Y de la importancia de la gente discreta y complementaria en el gran esquema de las cosas.","factor-x,complex-systems"
1434087755198386177,Bienvenidos de nuevo a la cita de todos los s√°bados con el hilo turras tras el par√©ntesis estival. Hoy hablaremos de Taylorismo de mierda. \nDicebamus hesterna die...,taylorism
1421353440224104449,"En el hilo turras de hoy, que cierra la temporada, voy sencillamente a hablar de an√©cdotas sobre los hilos turras. Y vuelvo al viejo estilo de improvisar todo y publicar uno a uno por una vez.",cps
1418850632396677122,"En el hilo turras de hoy, y tal como anunci√© ayer, voy a hablar del futuro del gaming/gambling, y por qu√© me he metido hasta las trancas en el junto con mis socios.",e-sports
1416256929526161408,"En el hilo turras de hoy, a pesar de que tengo mil temas pendientes de #preguntaalrecu, me apetece hablar de algo sobre lo que llevo reflexionando un rato: La escurridiza relaci√≥n entre √©xito y talento.","talent,serendipity"
1413787729079545858,"En el hilo turras de hoy, y a pesar de que ya los hilos y los temas pendientes no me caben en una habitaci√≥n, voy a hablar como promet√≠ de reconversiones.","biases,talent"
1411191931669987332,"En el hilo turras de hoy, voy a hablaros de un concepto aparentemente abstruso pero fundamental, que es el de abrochador liminal, al hilo de este tweet de @samuelgil:","zeitgeist,marketing,sociology"
1408725781291876353,"En el hilo turras de hoy, hablar√© al hilo de un par de tweets que lanc√© ayer, sobre algo que considero fundamental: Saber cuando tirar la toalla y cuando apretar los dientes.","talent,context-is-king"
1406126552463470593,En el hilo turras de hoy de entre los aproximadamente 50!!! #preguntaalrecu que tengo pendientes (Responder√© todos antes o despu√©s) recojo este tweet que se hab√≠a perdido porque me parece fascinante reflexionar sobre qu√© hace que algo triunfe o no.,"context-is-king,marketing"
1403645471596453888,"En el hilo turras de hoy, y al hilo de una cuesti√≥n en la Comunidad Kaizen de @jaime_rdes, hoy voy a hablaros de la Shadow Career.",skills-development
1401066568034009088,"En el hilo turras de hoy, vamos a hablar de varias cosas interconectadas, enhebradas todas en este tweet petici√≥n a #preguntaalrecu:","skills-development,factor-x"
1398571638170529792,"En el hilo turras de hoy, vamos a hablar de este tema que nos lleg√≥ a #preguntaalrecu:","factor-x,complex-systems,context-is-king"
1396010920174837761,"En el hilo turras de hoy, voy a hablar de una cosa muy loca pero de la que me apetece hablar en un #preguntaalrecu: Lo jodido que es tener opiniones controvertidas de la naturaleza que sea.",factor-x
1393482549306044416,"Ya habl√© en su momento de que los argumentos de Mazzucato son cuanto menos, discutibles. Me gustar√≠a otro d√≠a dedicar un hilo turras al libro de McCloskey, que tiene m√°s miga que doce barras de pan candeal.",cps
1390935441591967746,"En el hilo turras de hoy, y tal como coment√©, vamos a hablar de Black and White Thinking.","personotechnics,cps,teamwork,factor-x"
1388377995233071106,"En el hilo turras de hoy, vamos a hablar de algo que ya os adelant√© que iba a ser el tema elegido, de la hipocres√≠a como una de las bellas artes.","factor-x,cps"
1385833074001432576,El hilo turras de hoy es muy especial. Por much√≠simas razones. #momentomo√±as,"factor-x,cps"
1383300287356575746,2018 - Hablando de Cambridge Analytica y como los claims de Facebook de que puede realmente influenciar a la gente son puro fluff - Un predecesor del hilo turras:,"personotechnics,marketing"
1383300151763103751,"En el hilo turras de hoy, voy a comentar esta solicitud que lleg√≥ v√≠a #preguntaalrecu. Vamos a hablar de por qu√© considero que Facebook no ver√° la pr√≥xima d√©cada, y por qu√© llevo una d√©cada dici√©ndolo.",marketing
1380770207384408065,"En el hilo turras de hoy, vamos a tocar un tema delicado. El rol de las instituciones p√∫blicas en todo lo que tiene que ver con innovaci√≥n/tecnolog√≠a/talento/CPS.","cps,talent"
1378251639639920641,"En el hilo turras de hoy, vamos a hablar de nuevo de un tema hot que me lanza la persona que creo que hist√≥ricamente me ha inspirado la creaci√≥n de m√°s posts y respuestas, @gonzalomartin - Vamos a hablar de Data Driven Companies.","cps,talent"
1375697328561078276,"En el hilo turras de hoy, voy a hablar de un evento reciente que he estado conectando con muchas cosas: La dimisi√≥n del CEO de Danone.","cps,talent"
1373170914226008064,"En el hilo turras de hoy, responderemos a esta pregunta que nos lleg√≥ v√≠a #preguntaalrecu (Por cierto, cada vez hay m√°s temas potentes y tengo m√°s backlog. Gracias a todos por intervenir)",cps
1370628575775367168,"Es lamentable pero ya localizo temas para el hilo turras en cualquier sitio. En este caso, en la magn√≠fica Comunidad Kaizen de @jaime_rdes. Vamos al turr√≥n:","cps,marketing,strategy"
1368127688343490560,"En el hilo turras de hoy, vamos a contestar a esta pregunta que nos lleg√≥ a #preguntaalrecu:","signaling,cps,books"
1365564279232028681,"En el hilo turras de hoy, hablaremos de #bothism al hilo de esta pregunta de #preguntaalrecu : https://x.com/Recuenco/status/1364839499604312064?s=20‚Ä¶ con dedicatoria para @alejandrowriter","cps,marketing,strategy"
1363049095003316224,"En el hilo turras de hoy, voy a hablar de un tema bastante espinoso que me cay√≥ en #preguntaalrecu. Vamos all√°.",cps
1360494110092713986,"En el hilo turras de hoy, intentar√© recoger varios de los flecos sueltos que dej√© en el hilo del s√°bado pasado, tal y como promet√≠:","incentives,sociology"
1357937382318886913,"En el hilo turras de hoy, voy a intentar responder a esta pregunta que lleg√≥ a #preguntaalrecu. Vamos all√° y abr√≥chense, que vienen curvas:","cps,strategy"
1355414699400175616,"En el hilo turras del s√°bado, hoy contestaremos a √©sta pregunta que nos lleg√≥ a #preguntaalrecu:","cps,strategy"
1352890795897061378,"En el hilo turras de hoy, hablaremos de esta pregunta que nos lleg√≥ a #preguntaalrecu sobre resolubilidad de los problemas complejos:",books
1350359247209553920,"En el hilo turras del s√°bado, vamos a reflexionar sobre este tema que llego a #preguntaalrecu y de paso copio a @TITONET que fue el que lo trajo a la mesa. Vamos all√°.","personotechnics,cps,teamwork"
1347795536435404800,"En el hilo turras de hoy, y a pesar de que la actualidad no hace m√°s que gritarme que la atienda, voy a ejercer de CPSer y voy a hablar de otra cosa. De la gesti√≥n de la emoci√≥n en el CPS. #dentrohilo","sociology,cps"
1342767594697191424,"En el hilo turras de hoy, hablaremos de soluciones de mierda a problemas complejos, al hilo de √©ste #preguntaalrecu :",cps
1340160478316785666,"En el hilo turras de hoy, voy a b√°sicamente, cargarme mi tradici√≥n de como construyo los hilos mientras hago de papacar, porque necesito apoyo multimedia y porque necesito sacarlo de mi sistema ASAP. Cierro con √©ste la trilog√≠a sobre libros recomendados para CPS #AbroHilo","books,cps,strategy"
1337670943276224513,"En el hilo turras de hoy, vamos a intentar contestar a esta pregunta que nos lleg√≥ a #preguntaalrecu:","cps,sociology"
1335136099258294273,En el hilo turras de hoy hablar√© de una pregunta que nos lleg√≥ a #preguntaalrecu sobre mediocridad de reba√±o y la plataforma m√°gica.,"fringe-futurism,signals,cps,strategy"
1332604415224770564,"En nuestro hilo turras de hoy, vamos a contestar esta pregunta que nos lleg√≥ a #preguntaalrecu:","marketing,cps,complex-systems"
1330075571116777474,"En el hilo turras de hoy, cumpliremos lo prometido: La segunda parte de los libros que m√°s me han influido a la hora de convertirme en CPSer.","books,cps,strategy"
1327534186140487680,"En el hilo turras de hoy, una pregunta que nos llega a #preguntalealrecu:","books,cps,strategy"
1325000695897071616,"En el hilo turras de hoy, y dado que no recuerdo tener nada de #preguntaalrecu pendiente para hoy, hablar√© de un aspecto clave en el CPS: La psicolog√≠a para la acci√≥n comercial. Como convencemos a alguien de que necesita CPS??","cps,sociology"
1319891330307338240,"En el hilo turras de hoy, introducimos dos novedades: Hablaremos de #personotecnia (clave en el CPS) e introduciremos una nueva secci√≥n: ‚ÄúPreg√∫ntale al Recu‚Äù","cps,personotechnics"
1317382505880866816,"En el hilo co√±azo de hoy, como promet√≠, hablar√© de c√≥mo Van Halen se deshace como banda por falta de un orquestador cognitivo. #CPS #ciaoeddie","cps,cognitive-orchestration"
1307211330349420545,En el hilo de hoy hablar√© sobre un aspecto cr√≠tico en Complex Problem Solving: La construcci√≥n de equipos CPS. Al hilo de √©sta cuesti√≥n que me hizo  @IviasAren. #dentrohilo,"cps,teamwork"
1299619999200485377,"Hoy quiero profundizar un poco en algo de lo que hable en otro hilo, sobre oportunidades, puertas que se abren y se cierran y lo voy a hacer al hilo (no pun intended)de un tema de rabiosa actualidad: el caso Messi #AbroHilo",cps
1034487123972382721,"Debajo de todo esto, tan solo existe una cosa: Estrategia por encima de todo lo dem√°s. Abro hilo.",strategy
1314815631229935617,"En el hilo co√±azo de hoy hablaremos de Rudy Fern√°ndez, de Kobe Bryant, de Michael Jackson, de Eddie Van Halen, de Queensr√øche y en general de cuando te arden las tripas. Hablaremos sobre excelencia y obsesi√≥n.",strategy
1056485929186144256,"Amigos, hoy vamos a hablar de un tena fascinante. El efecto Amnesia de Murray Gellmann. Abro hilo co√±azo.","sociology,biases"
1312274974464499713,"En el hilo brasas de hoy hablaremos de grises y nieves, de ambig√ºedad, de lo mal que la gestionamos, de Ayn Rand, de ideolog√≠as y en general de lo duro que es admitir que no se tiene ni puta idea de algo concreto #dentrohilo",sociology
1309767345875890177,En mi hilo plasta de hoy hablar√© de lo necesario que es la f√© en el CPS y de lo peligrosas que son las mitolog√≠as. #dentrohilo,sociology
1304701603811913729,En el hilo del s√°bado de hoy vamos a hablar de cu√°ndo y c√≥mo una compa√±√≠a emite se√±ales de que su propuesta de valor est√° caducando. O en inmortales palabras de @PhillipJFryII,"fringe-futurism,signals"
1302224331154612225,"Hoy voy a hablar de como se convierte uno en Complex Problem Solver. O b√°sicamente, como desafiar la sabidur√≠a imperante de siglos: aprende un oficio, √∫nete al gremio, profit. #abrohilo",sociology
1297462657503694848,"Hoy, en otro de esos hilos en un d√≠a est√∫pido a una hora est√∫pida que tanto le gustan a  @jlantunez, voy a hablar de mi relaci√≥n con el Design Thinking. El t√≠tulo es ‚Äú por que decimos cordero con patatas y no patatas con cordero ‚Äú #AbroHilo",strategy
1294936782497361928,"Voy a abrir un hilo sobre los ‚Äú harbingers of doom ‚Äú , sobre las personas que nos dedicamos a hablar sobre el futuro de las compa√±√≠as, y que generalmente somos percibidas como cenizas o que damos un mensaje negativo interesado. #winteriscoming",fringe-futurism
1270594048617824257,"Hoy voy a hablar un poco de un tema que generalmente pasa muy desapercibido para la importancia que tiene, que es la #orquestaci√≥n (abro hilo)",cognitive-orchestration
1274228378451824640,Cualquiera que se enfrente al cambio radical de algo existente tiene que tener en cuenta que la sem√°ntica le tiene preparada una serie de trampas (Abro hilo),biases
1260101741904834560,"A finales de los 60, hab√≠a un injustificado optimismo acerca de que las pandemias estaban dominadas y un par de universidades cerraron sus departamentos de epidemiolog√≠a. (Abro hilo)",sociology
1259054408983289856,"V√≠a @pacotraver me llega √©ste ca√±√≥n de post: https://robertocolom.wordpress.com/2020/05/08/la-mente-de-la-colmena/ sobre entre otras cosas, la correlaci√≥n entre la superdotaci√≥n y la prosperidad de un pa√≠s. (Abro hilo)",Intellectual giftedness
1257924003068555269,"He estado reflexionando sobre un tema aparentemente trivial, que me he dado cuenta que tiene much√≠sima miga. As√≠ que voy a intentar hablar de c√°nones, de c√≥mo se forman y de c√≥mo nos alteran el pensamiento. (Abro hilo)",canon-formation
1257237030062510080,Algunos posiblemente record√©is este tweet m√≠o del 13/03: (Abro hilo),taleb
1157653953716396036,Este es un art√≠culo interesante que me trae mi amigo @jlgalego en el que creo que se tira el beb√© junto con el agua. Abro hilo.,demand-generation
1146056421072441344,"Bueno, pues al final tengo un segundo y puedo hacer lo que le promet√≠ ayer a @velozeto: Hablar un poco de lo que significa la Humanizaci√≥n a escala, particularmente en entornos educativos. Dentro hilo.",personotechnics
1052828473729961984,"Abro hilo con mi opini√≥n descarnada sobre este tema. Si a alguien le parece hardcore, la culpa es de  @sndsep",marketing
1014799133553647616,El mundo del patrocinio est√° perdid√≠simo. Abro hilo.,strategy
999902670885285891,Vamos a hablar de una nueva m√©trica. El GRR (GDPR reject ratio). Abrimos hilo.,marketing
989041980549287936,"A ver, hilo largo: por qu√© considero que las ca√≠das de Sorrell y Boller√© marcan un antes y un despu√©s en el mundo publicitario.",marketing
